{
  "layer1_weight": {
    "shape": [
      32,
      3,
      4,
      4
    ],
    "scale": 6.920470320802974e-05,
    "out_shift": 13
  },
  "layer1_bias": {
    "shape": [
      32
    ],
    "scale": 6.920470320802974e-05,
    "downscale": 1.0
  },
  "layer2_weight": {
    "shape": [
      64,
      32,
      3,
      3
    ],
    "scale": 0.005085049651739166,
    "out_shift": 13
  },
  "layer2_bias": {
    "shape": [
      64
    ],
    "scale": 0.005085049651739166,
    "downscale": 1.0
  },
  "layer3_weight": {
    "shape": [
      128,
      64,
      4,
      4
    ],
    "scale": 0.0021287268540990632,
    "out_shift": 14
  },
  "layer3_bias": {
    "shape": [
      128
    ],
    "scale": 0.0021287268540990632,
    "downscale": 1.0
  },
  "layer4_weight": {
    "shape": [
      256,
      128,
      3,
      3
    ],
    "scale": 0.006452574504642036,
    "out_shift": 13
  },
  "layer4_bias": {
    "shape": [
      256
    ],
    "scale": 0.006452574504642036,
    "downscale": 1.0
  },
  "layer5_weight": {
    "shape": [
      256,
      256,
      3,
      3
    ],
    "scale": 0.0033012633248576968,
    "out_shift": 14
  },
  "layer5_bias": {
    "shape": [
      256
    ],
    "scale": 0.0033012633248576968,
    "downscale": 1.0
  },
  "layer6_weight": {
    "shape": [
      128,
      256,
      3,
      3
    ],
    "scale": 0.004029650387801524,
    "out_shift": 14
  },
  "layer6_bias": {
    "shape": [
      128
    ],
    "scale": 0.004029650387801524,
    "downscale": 1.0
  },
  "layer7_weight": {
    "shape": [
      6,
      128,
      1,
      1
    ],
    "scale": 0.061985068433866725,
    "out_shift": 4
  },
  "layer7_bias": {
    "shape": [
      6
    ],
    "scale": 0.061985068433866725,
    "downscale": 1.0
  }
}